{"cameraMode":{"drawMode":0,"name":"Shaded","section":"Shading Mode"},"sceneLighting":false,"audioPlay":false,"sceneViewState":{"m_AlwaysRefresh":false,"showFog":true,"showSkybox":false,"showFlares":true,"showImageEffects":true,"showParticleSystems":true,"showVisualEffectGraphs":true,"m_FxEnabled":true},"in2DMode":false,"pivot":{"x":0.40169572830200198,"y":0.08931563794612885,"z":0.2683642506599426},"rotation":{"x":-0.3081783354282379,"y":0.3815816640853882,"z":-0.13657286763191224,"w":-0.8607087731361389},"size":0.25291720032691958,"orthographic":false}