{"cameraMode":{"drawMode":0,"name":"Shaded","section":"Shading Mode"},"sceneLighting":true,"audioPlay":false,"sceneViewState":{"m_AlwaysRefresh":false,"showFog":true,"showSkybox":true,"showFlares":true,"showImageEffects":true,"showParticleSystems":true,"showVisualEffectGraphs":true,"m_FxEnabled":true},"in2DMode":false,"pivot":{"x":15.441634178161621,"y":5.985994338989258,"z":53.18332290649414},"rotation":{"x":-0.016417361795902253,"y":0.8656991720199585,"z":-0.49958306550979617,"w":-0.02821820043027401},"size":0.32996636629104617,"orthographic":false}