{"cameraMode":{"drawMode":0,"name":"Shaded","section":"Shading Mode"},"sceneLighting":true,"audioPlay":false,"sceneViewState":{"m_AlwaysRefresh":false,"showFog":true,"showSkybox":true,"showFlares":true,"showImageEffects":true,"showParticleSystems":true,"showVisualEffectGraphs":true,"m_FxEnabled":true},"in2DMode":false,"pivot":{"x":16.044267654418947,"y":3.4971563816070558,"z":53.1193733215332},"rotation":{"x":0.10921230912208557,"y":0.8346644043922424,"z":-0.17918187379837037,"w":0.5092948079109192},"size":1.7312041521072388,"orthographic":false}