{"cameraMode":{"drawMode":0,"name":"Shaded","section":"Shading Mode"},"sceneLighting":true,"audioPlay":false,"sceneViewState":{"m_AlwaysRefresh":false,"showFog":true,"showSkybox":true,"showFlares":true,"showImageEffects":true,"showParticleSystems":true,"showVisualEffectGraphs":true,"m_FxEnabled":true},"in2DMode":false,"pivot":{"x":1.1493972539901734,"y":2.9650890827178957,"z":1.7452491521835328},"rotation":{"x":0.022996442392468454,"y":-0.006097852718085051,"z":0.00013290865172166377,"w":0.9997072219848633},"size":0.8660253882408142,"orthographic":false}