{"cameraMode":{"drawMode":0,"name":"Shaded","section":"Shading Mode"},"sceneLighting":true,"audioPlay":false,"sceneViewState":{"m_AlwaysRefresh":false,"showFog":true,"showSkybox":true,"showFlares":true,"showImageEffects":true,"showParticleSystems":true,"showVisualEffectGraphs":true,"m_FxEnabled":true},"in2DMode":false,"pivot":{"x":5.351860046386719,"y":3.0359787940979006,"z":12.69348430633545},"rotation":{"x":0.005019832868129015,"y":0.12097086012363434,"z":-0.000901057617738843,"w":0.9927445650100708},"size":1.786187767982483,"orthographic":false}