{"cameraMode":{"drawMode":0,"name":"Shaded","section":"Shading Mode"},"sceneLighting":true,"audioPlay":false,"sceneViewState":{"m_AlwaysRefresh":false,"showFog":true,"showSkybox":true,"showFlares":true,"showImageEffects":true,"showParticleSystems":true,"showVisualEffectGraphs":true,"m_FxEnabled":true},"in2DMode":false,"pivot":{"x":13.428144454956055,"y":3.8827617168426515,"z":52.622596740722659},"rotation":{"x":-0.028188522905111314,"y":-0.9530404210090637,"z":0.2861221730709076,"w":-0.09622304141521454},"size":0.4122130870819092,"orthographic":false}